,OBJECTID,FAR,POP,Area,JU_Type,N_DLBM,N_DLMC,BD,Risk,CA_Per,B_Types,XF_N1,HW_N1,HW_N2,Sta_Type,S1,nS1,S21,S22,S23,nS21,nS22,nS23,nS2,N1,nN1,N2,nN2,N3,nN3,S,N,C,S11_,nS11_,S12_,nS12_,Temp1,Temp2,S21_,nS21_,S22_,nS22_,N1_,nN1_,N2_,nN2_,S_,N_,C_,boundary
0,407011.0,3.47011432957,3467.0,29970.0984639,,070102,二类城镇住宅用地,0.26,1237.461225,1.35,"JA, JB, JH, JS",1.0,1.0,1.0,0.0,7.4,16.6666666667,2708.29607555,7123.00302496,704.156979643,100.0,100.0,0.0,60.584,0.115681968952,61.5493597348,128695556.734,70.5015947402,0.0,100.0,33.1356666667,71.6886712011,0.46221622066,4.4,0.0,6740.29773886,100.0,0.0,7.8,7.8,0.0,67.1875769641,100.0,4.95781,70.5104738662,110162.611435,70.5015947402,62.5,70.507144194,0.886434994843,"[[114.288817816841, 30.596118977865], [114.288225097657, 30.595466308594], [114.288023003473, 30.595295410157], [114.287883843316, 30.595198296441], [114.287545030382, 30.595086263021], [114.287547200521, 30.595366210938], [114.28712592231, 30.595365668403], [114.287124294705, 30.595275065105], [114.286962619358, 30.595274793837], [114.286957194011, 30.594976128473], [114.286710069445, 30.594930826823], [114.286671820747, 30.594925130209], [114.286644694011, 30.59492702908], [114.286619737414, 30.594935167101], [114.286587456598, 30.59495686849], [114.286467285157, 30.595424804688], [114.286452094185, 30.595744357639], [114.286458604601, 30.596647135417], [114.28654296875, 30.596716308594], [114.287576497396, 30.596669108073], [114.288770345053, 30.596193576389], [114.288817816841, 30.596118977865]]"
1,407019.0,5.63039281436,225.0,1197.1274405,垃圾收集站,1309,环卫用地,0.26,584.849352,,1.#QNAN,1.0,0.0,0.0,2.0,7.4,16.6666666667,2491.42899459,4136.51562741,1139.0,0.0,0.0,100.0,39.415,0.187949914427,100.0,3942058.76486,2.15952622247,0.0,100.0,25.1972916667,59.2338097911,0.425386983474,15.4,100.0,6740.29773886,100.0,1.0,22.8,22.8,100.0,67.1875769641,100.0,0.0,0.0,0.0,0.0,100.0,0.0,3021.59184173,"[[114.290119086372, 30.598904351129], [114.289988335504, 30.599251030816], [114.290034450955, 30.599365505643], [114.290198838976, 30.599413248698], [114.290354003907, 30.598966471355], [114.290119086372, 30.598904351129]]"
2,407022.0,3.65376380909,4612.0,37870.9654785,,070102,二类城镇住宅用地,0.26,1237.461225,1.35,"JA, JB, JH, JS",1.0,1.0,1.0,0.0,7.4,16.6666666667,2491.42899459,4136.51562741,1139.0,0.0,0.0,100.0,39.415,0.121781949357,64.7948948145,171229443.955,93.8023749356,0.0,100.0,25.1972916667,82.7497243868,0.304500007141,5.4,9.09090909091,6740.29773886,100.0,2.0,12.8,12.8,33.3333333333,67.1875769641,100.0,6.59516,93.7970307098,146571.359411,93.8023749356,69.9495757576,93.7990347945,0.745738758515,"[[114.292478027344, 30.599436848959], [114.292608506945, 30.599237196181], [114.293179253473, 30.598418511285], [114.2931898329, 30.598400065105], [114.293196072049, 30.598368598091], [114.293192816841, 30.598351508247], [114.293182237414, 30.598325195313], [114.293166503907, 30.598307291667], [114.293146701389, 30.598292914497], [114.290951334636, 30.597234157987], [114.290736762153, 30.597253960504], [114.29030327691, 30.598415798612], [114.290119086372, 30.598904351129], [114.290354003907, 30.598966471355], [114.290198838976, 30.599413248698], [114.290902235244, 30.599616699219], [114.290906846789, 30.599611545139], [114.291042480469, 30.599291178386], [114.290551215278, 30.599143880209], [114.290757921007, 30.598594563803], [114.291136881511, 30.598713107639], [114.291127115886, 30.598745659723], [114.291307237414, 30.598799913195], [114.291339789497, 30.598717990452], [114.291360405816, 30.598724772136], [114.291457790799, 30.598529730903], [114.292003038195, 30.598807508681], [114.291927354601, 30.598960232205], [114.292400173612, 30.599210069445], [114.292309299046, 30.599339735244], [114.292304144966, 30.599349772136], [114.292478027344, 30.599436848959]]"
3,407026.0,2.45791367161,1441.0,17589.7777744,,070102,二类城镇住宅用地,0.26,1237.461225,1.35,"JA, JB, JH, JS",1.0,1.0,1.0,0.0,7.4,16.6666666667,2708.29607555,7123.00302496,704.156979643,100.0,100.0,0.0,60.584,0.0819225813129,43.5874533716,53500590.7451,29.3085251954,0.0,100.0,33.1356666667,47.0405673895,0.704406186097,5.4,9.09090909091,6740.29773886,100.0,3.0,22.8,22.8,100.0,67.1875769641,100.0,2.06063,29.3064876957,45796.1792884,29.3085251955,81.0609090909,29.3072517581,2.76589936716,"[[114.289679090712, 30.59879530165], [114.289513888889, 30.59875108507], [114.289342990452, 30.598738606771], [114.28936062283, 30.598534613716], [114.288626844619, 30.598510199653], [114.288624403212, 30.598546006945], [114.288421495226, 30.598538682726], [114.288310546875, 30.598536783855], [114.288313259549, 30.598581814237], [114.288080512153, 30.598576388889], [114.287798936632, 30.598563910591], [114.287794325087, 30.598885904948], [114.287772623698, 30.598945855035], [114.287709960938, 30.599066297744], [114.287956271702, 30.59916531033], [114.287956271702, 30.599184299046], [114.288155653212, 30.599265407987], [114.288100585938, 30.599377170139], [114.288349066841, 30.599462348091], [114.288566623264, 30.599545627171], [114.288566623264, 30.59954779731], [114.288586968316, 30.599553493924], [114.28863796658, 30.599572753907], [114.289038628473, 30.599680989584], [114.289209798178, 30.599768608941], [114.289249131945, 30.599786783855], [114.289324815539, 30.599674750435], [114.289584147136, 30.599094780816], [114.289590657553, 30.59907904731], [114.289679090712, 30.59879530165]]"
4,407106.0,0.0,0.0,2102.88082681,,1207,城镇村道路用地,0.26,664.903184,,1.#QNAN,0.0,0.0,0.0,0.0,17.4,100.0,2708.29607555,7123.00302496,704.156979643,100.0,100.0,0.0,60.584,0.0,0.0,0.0,0.0,0.0,100.0,85.219,16.667,5.11303773925,5.4,9.09090909091,6740.29773886,100.0,4.0,8.8,8.8,6.66666666667,67.1875769641,100.0,0.0,0.0,0.0,0.0,65.5050424242,0.0,3021.59184173,"[[114.288910047744, 30.596238064237], [114.288817816841, 30.596118977865], [114.288770345053, 30.596193576389], [114.287576497396, 30.596669108073], [114.28654296875, 30.596716308594], [114.286458604601, 30.596647135417], [114.286464029948, 30.596784667969], [114.286540527344, 30.596782769098], [114.286933322483, 30.596772189671], [114.286995713976, 30.596770833334], [114.287124294705, 30.59676812066], [114.287440592448, 30.596762152778], [114.287548014323, 30.596752115886], [114.28767578125, 30.596703287761], [114.287955729167, 30.596595594619], [114.288011610244, 30.596574164497], [114.288507758247, 30.596383463542], [114.288658040365, 30.596330295139], [114.288663465712, 30.596328396268], [114.288873969185, 30.596254069011], [114.288910047744, 30.596238064237]]"
5,407111.0,4.57849365957,4226.0,27693.2233851,,070102,二类城镇住宅用地,0.26,1237.461225,1.35,"JA, JB, JH, JS",1.0,1.0,1.0,0.0,7.4,16.6666666667,2708.29607555,7123.00302496,704.156979643,100.0,100.0,0.0,60.584,0.152600509563,81.1921144142,156901727.598,85.9534104663,0.0,100.0,33.1356666667,86.311525852,0.383907784501,4.4,0.0,6740.29773886,100.0,5.0,7.8,7.8,0.0,67.1875769641,100.0,6.04318,85.9467154769,134306.921618,85.9534104663,62.5,85.9492260979,0.727173505074,"[[114.290179578994, 30.596771647136], [114.290195041233, 30.596719292535], [114.290176595053, 30.59654296875], [114.290130750869, 30.596274414063], [114.290062391494, 30.596013454862], [114.289938693577, 30.595660536025], [114.28979546441, 30.595262315539], [114.289745551216, 30.595115017362], [114.289718153212, 30.594993218316], [114.28970703125, 30.594842664931], [114.289720052084, 30.594698350695], [114.289740668403, 30.594586317275], [114.289755045573, 30.594544270834], [114.289779188369, 30.594497884115], [114.289721950955, 30.594465060764], [114.289298502605, 30.594214952257], [114.289098307292, 30.594393174914], [114.288504503039, 30.594945475261], [114.288298882379, 30.594839952257], [114.288079698351, 30.59506374783], [114.288059895834, 30.595083550348], [114.288165690105, 30.595152723525], [114.288263075087, 30.595231119792], [114.288349880643, 30.595315755209], [114.288885362414, 30.595897623698], [114.28964436849, 30.596646592882], [114.289695909289, 30.596678059896], [114.289750162761, 30.596706000435], [114.289853786893, 30.596749945747], [114.289990505643, 30.596794162327], [114.290065646702, 30.596812065973], [114.290117730035, 30.596810980903], [114.290155164931, 30.596794976129], [114.290179578994, 30.596771647136]]"
6,407116.0,0.0,0.0,2308.34872487,,1207,城镇村道路用地,0.26,664.903184,,1.#QNAN,0.0,0.0,0.0,0.0,17.4,100.0,2708.29607555,7123.00302496,704.156979643,100.0,100.0,0.0,60.584,0.0,0.0,0.0,0.0,0.0,100.0,85.219,16.667,5.11303773925,5.4,9.09090909091,6740.29773886,100.0,6.0,8.8,8.8,6.66666666667,67.1875769641,100.0,0.0,0.0,0.0,0.0,65.5050424242,0.0,3021.59184173,"[[114.288003472223, 30.596674804688], [114.288653700087, 30.596427408855], [114.288696831598, 30.596420084636], [114.288889702691, 30.596330837674], [114.289010416667, 30.59636827257], [114.288910047744, 30.596238064237], [114.288873969185, 30.596254069011], [114.288663465712, 30.596328396268], [114.288658040365, 30.596330295139], [114.288507758247, 30.596383463542], [114.288011610244, 30.596574164497], [114.287955729167, 30.596595594619], [114.28767578125, 30.596703287761], [114.287548014323, 30.596752115886], [114.287440592448, 30.596762152778], [114.287124294705, 30.59676812066], [114.286995713976, 30.596770833334], [114.286933322483, 30.596772189671], [114.286540527344, 30.596782769098], [114.286464029948, 30.596784667969], [114.286467285157, 30.596864149306], [114.287160101997, 30.596836208768], [114.287577039931, 30.59683702257], [114.288003472223, 30.596674804688]]"
7,407117.0,0.0,0.0,3043.55228378,,1207,城镇村道路用地,0.26,664.903184,,1.#QNAN,0.0,0.0,0.0,0.0,17.4,100.0,2708.29607555,7123.00302496,704.156979643,100.0,100.0,0.0,60.584,0.0,0.0,0.0,0.0,0.0,100.0,85.219,16.667,5.11303773925,5.4,9.09090909091,6740.29773886,100.0,7.0,8.8,8.8,6.66666666667,67.1875769641,100.0,0.0,0.0,0.0,0.0,65.5050424242,0.0,3021.59184173,"[[114.290179578994, 30.596771647136], [114.290155164931, 30.596794976129], [114.290117730035, 30.596810980903], [114.290065646702, 30.596812065973], [114.289990505643, 30.596794162327], [114.289853786893, 30.596749945747], [114.289750162761, 30.596706000435], [114.289695909289, 30.596678059896], [114.28964436849, 30.596646592882], [114.288885362414, 30.595897623698], [114.288349880643, 30.595315755209], [114.288263075087, 30.595231119792], [114.288165690105, 30.595152723525], [114.288059895834, 30.595083550348], [114.288002387153, 30.595140787761], [114.288220757379, 30.595330403646], [114.28832655165, 30.59543484158], [114.288427191841, 30.595533854167], [114.289021809896, 30.596187608507], [114.289336480035, 30.596524251303], [114.289518771702, 30.596681857639], [114.289783257379, 30.596824544271], [114.290063476563, 30.596907009549], [114.290158962674, 30.59691514757], [114.290179578994, 30.596771647136]]"
8,407126.0,2.63006806725,237.0,2708.29607555,消防大队,1310,消防用地,0.26,708.898896,,1.#QNAN,1.0,0.0,0.0,3.0,17.4,100.0,2708.29607555,7123.00302496,704.156979643,100.0,100.0,0.0,60.584,0.0875088961431,46.5596892714,5049488.9806,2.76619515692,0.0,100.0,85.219,37.2196162647,2.28962597019,5.4,9.09090909091,6740.29773886,100.0,8.0,8.8,8.8,6.66666666667,67.1875769641,100.0,0.0,0.0,0.0,0.0,65.5050424242,0.0,3021.59184173,"[[114.288653700087, 30.596427408855], [114.288003472223, 30.596674804688], [114.288081325955, 30.596847873264], [114.288071831598, 30.596974012587], [114.288605957032, 30.596995171441], [114.288616265191, 30.59699327257], [114.288653700087, 30.596427408855]]"
9,407129.0,0.0,0.0,1823.62088822,,1207,城镇村道路用地,0.26,664.903184,,1.#QNAN,0.0,0.0,0.0,0.0,17.4,100.0,2708.29607555,7123.00302496,704.156979643,100.0,100.0,0.0,60.584,0.0,0.0,0.0,0.0,0.0,100.0,85.219,16.667,5.11303773925,5.4,9.09090909091,6740.29773886,100.0,9.0,8.8,8.8,6.66666666667,67.1875769641,100.0,0.0,0.0,0.0,0.0,65.5050424242,0.0,3021.59184173,"[[114.290158962674, 30.59691514757], [114.290063476563, 30.596907009549], [114.289783257379, 30.596824544271], [114.289518771702, 30.596681857639], [114.289336480035, 30.596524251303], [114.289021809896, 30.596187608507], [114.288997938369, 30.596198730469], [114.288910047744, 30.596238064237], [114.289010416667, 30.59636827257], [114.289045410157, 30.596413845487], [114.28917670356, 30.59652967665], [114.289356282553, 30.596705186632], [114.289587131077, 30.596842990452], [114.289893663195, 30.597003309462], [114.28995686849, 30.597010904948], [114.290145128039, 30.597014431424], [114.290158962674, 30.59691514757]]"
10,407168.0,3.47435981581,4917.0,42457.8715973,,070102,二类城镇住宅用地,0.26,1237.461225,1.35,"JA, JB, JH, JS",1.0,1.0,1.0,0.0,17.4,100.0,2708.29607555,7123.00302496,704.156979643,100.0,100.0,0.0,60.584,0.11580891399,61.6169016853,182542759.789,100.0,0.0,100.0,85.219,84.0079144252,1.01441632712,5.4,9.09090909091,6740.29773886,100.0,10.0,8.8,8.8,6.66666666667,67.1875769641,100.0,7.03131,100.0,156255.488746,100.0,65.5050424242,100.0,0.655050424242,"[[114.287056749132, 30.597766113282], [114.28725124783, 30.597772894966], [114.287580023872, 30.597797037761], [114.287885199653, 30.597832302518], [114.288017578125, 30.597846137153], [114.288015407987, 30.597913140191], [114.288627115886, 30.597928059896], [114.289066840278, 30.597945692275], [114.289374728733, 30.597955186632], [114.28937608507, 30.59787109375], [114.28955593533, 30.597878146702], [114.289565972223, 30.597760416667], [114.290038791233, 30.597781032987], [114.290063476563, 30.597738172744], [114.290085720487, 30.597669813369], [114.290190429688, 30.597137315539], [114.290197211372, 30.59708170573], [114.290185546875, 30.597051052518], [114.290145128039, 30.597014431424], [114.28995686849, 30.597010904948], [114.289893663195, 30.597003309462], [114.289587131077, 30.596842990452], [114.289356282553, 30.596705186632], [114.28917670356, 30.59652967665], [114.289045410157, 30.596413845487], [114.289010416667, 30.59636827257], [114.288889702691, 30.596330837674], [114.288696831598, 30.596420084636], [114.288653700087, 30.596427408855], [114.288616265191, 30.59699327257], [114.288605957032, 30.596995171441], [114.288071831598, 30.596974012587], [114.288081325955, 30.596847873264], [114.288003472223, 30.596674804688], [114.287577039931, 30.59683702257], [114.287160101997, 30.596836208768], [114.286467285157, 30.596864149306], [114.286507975261, 30.598572319879], [114.286695963542, 30.598569878473], [114.286685112848, 30.597997775608], [114.286627604167, 30.597998860678], [114.286623263889, 30.597814398872], [114.286660970053, 30.597819010417], [114.286848144532, 30.597803005643], [114.286963975695, 30.597732476129], [114.287058648004, 30.597744411893], [114.287056749132, 30.597766113282]]"
11,407172.0,0.0270271900357,2.0,2485.92535426,垃圾转运站,1309,环卫用地,0.26,584.849352,,1.#QNAN,1.0,0.0,0.0,1.0,7.4,16.6666666667,2708.29607555,7123.00302496,704.156979643,100.0,100.0,0.0,60.584,0.000804529386441,0.428055202309,39294.6108499,0.0215262500114,0.0,100.0,33.1356666667,16.8543271037,1.96600353505,15.4,100.0,6740.29773886,100.0,11.0,22.8,22.8,100.0,67.1875769641,100.0,0.0,0.0,0.0,0.0,100.0,0.0,3021.59184173,"[[114.29, 30.597897135417], [114.289574652778, 30.597891438803], [114.289563530816, 30.598138834636], [114.289510904948, 30.59854031033], [114.289564887153, 30.598558485244], [114.289554307726, 30.598577202691], [114.289743381077, 30.598621148004], [114.289932725695, 30.598113606771], [114.289982910157, 30.597962239584], [114.29, 30.597897135417]]"
12,407179.0,1.65057897269,42.0,760.474964313,,0801,机关团体用地,0.26,1043.797482,12.0,"JA, JB, JH, JS",1.0,1.0,1.0,0.0,7.4,16.6666666667,2708.29607555,7123.00302496,704.156979643,100.0,100.0,0.0,60.584,0.0552286425865,29.3847660186,1310199.63526,0.717749439515,0.0,100.0,33.1356666667,29.2098151159,1.13440179389,15.4,100.0,6740.29773886,100.0,12.0,22.8,22.8,100.0,67.1875769641,100.0,0.06006,0.854179377669,149.580858254,0.0957283865382,100.0,0.569760255995,175.512417631,"[[114.289743381077, 30.598621148004], [114.289554307726, 30.598577202691], [114.289564887153, 30.598558485244], [114.289510904948, 30.59854031033], [114.28936062283, 30.598534613716], [114.289342990452, 30.598738606771], [114.289513888889, 30.59875108507], [114.289679090712, 30.59879530165], [114.289743381077, 30.598621148004]]"
13,407182.0,0.00798355890615,5.0,20018.4706935,,120803,社会停车场用地,0.26,930.92494,2.3,"JA, JB, JH, JS",0.0,0.0,1.0,0.0,7.4,16.6666666667,2708.29607555,7123.00302496,704.156979643,100.0,100.0,0.0,60.584,0.0,0.0,148779.157846,0.0815037298757,0.0,100.0,33.1356666667,16.7009601591,1.98405758418,5.4,9.09090909091,6740.29773886,100.0,13.0,8.8,8.8,6.66666666667,67.1875769641,100.0,0.0,0.0,99.3655022563,0.0635916875969,65.5050424242,0.0238468828488,2746.9016743,"[[114.28936062283, 30.598534613716], [114.289510904948, 30.59854031033], [114.289563530816, 30.598138834636], [114.289574652778, 30.597891438803], [114.29, 30.597897135417], [114.290038791233, 30.597781032987], [114.289565972223, 30.597760416667], [114.28955593533, 30.597878146702], [114.28937608507, 30.59787109375], [114.289374728733, 30.597955186632], [114.289066840278, 30.597945692275], [114.288627115886, 30.597928059896], [114.288015407987, 30.597913140191], [114.288017578125, 30.597846137153], [114.287885199653, 30.597832302518], [114.287580023872, 30.597797037761], [114.28725124783, 30.597772894966], [114.287056749132, 30.597766113282], [114.287110731337, 30.598736979167], [114.287794325087, 30.598885904948], [114.287798936632, 30.598563910591], [114.288080512153, 30.598576388889], [114.288313259549, 30.598581814237], [114.288310546875, 30.598536783855], [114.288421495226, 30.598538682726], [114.288624403212, 30.598546006945], [114.288626844619, 30.598510199653], [114.28936062283, 30.598534613716]]"
14,407205.0,0.0,0.0,3353.06347111,,1207,城镇村道路用地,0.26,664.903184,,1.#QNAN,0.0,0.0,0.0,0.0,7.4,16.6666666667,2491.42899459,4136.51562741,1139.0,0.0,0.0,100.0,39.415,0.0,0.0,0.0,0.0,0.0,100.0,25.1972916667,16.667,1.51180726386,15.4,100.0,6740.29773886,100.0,14.0,12.8,12.8,33.3333333333,67.1875769641,100.0,0.0,0.0,0.0,0.0,88.8886666667,0.0,3021.59184173,"[[114.292153320313, 30.59993326823], [114.292033962674, 30.599967719185], [114.291955023872, 30.599943847657], [114.291219346789, 30.599708387587], [114.290902235244, 30.599616699219], [114.290198838976, 30.599413248698], [114.290034450955, 30.599365505643], [114.289988335504, 30.599251030816], [114.289865993924, 30.599523654514], [114.289981825087, 30.599485948351], [114.291124131945, 30.59982530382], [114.291484917535, 30.599935438369], [114.291958550348, 30.600093858507], [114.292007107205, 30.600128309462], [114.292153320313, 30.59993326823]]"
15,407220.0,3.5684504178,1868.0,15703.6029711,,080601,医院用地,0.26,1312.333542,1.5,"JA, JB, JH, JS",1.0,1.0,1.0,0.0,7.4,16.6666666667,2491.42899459,4136.51562741,1139.0,0.0,0.0,100.0,39.415,0.118953593226,63.2900491541,73539928.3705,40.286412047,0.0,100.0,25.1972916667,59.8242040887,0.421188915933,15.4,100.0,6740.29773886,100.0,15.0,12.8,12.8,33.3333333333,67.1875769641,100.0,2.67124,37.9906447021,53422.443916,34.1891631102,88.8886666667,36.5650891051,2.43097087529,"[[114.290519476997, 30.600405273438], [114.290584038629, 30.600423990886], [114.290695800782, 30.600460340712], [114.29066921658, 30.600512695313], [114.290974934896, 30.60069390191], [114.291010199653, 30.600712076823], [114.291111653646, 30.600579969619], [114.291189778646, 30.600482855903], [114.291214463976, 30.600496148004], [114.291403537327, 30.600609266494], [114.291472167969, 30.600517849393], [114.291506890191, 30.600537380643], [114.291600748698, 30.600381673178], [114.29126030816, 30.600227050782], [114.291273600261, 30.600186360678], [114.291121419271, 30.600143771702], [114.29114420573, 30.600097384983], [114.291189507379, 30.599972059462], [114.291073676216, 30.599948459202], [114.291124131945, 30.59982530382], [114.289981825087, 30.599485948351], [114.289865993924, 30.599523654514], [114.289512261285, 30.600145399306], [114.289230414497, 30.600539550782], [114.289543999566, 30.600737304688], [114.289653862848, 30.600601671007], [114.289885253907, 30.600293511285], [114.289890407987, 30.60026529948], [114.290003797744, 30.600277777778], [114.289999186198, 30.600307074653], [114.290209418403, 30.600343153212], [114.290519476997, 30.600405273438]]"
16,407349.0,0.0,0.0,23015.7611382,,1207,城镇村道路用地,0.26,664.903184,,1.#QNAN,0.0,0.0,0.0,0.0,5.4,0.0,2708.29607555,7123.00302496,704.156979643,100.0,100.0,0.0,60.584,0.0,0.0,0.0,0.0,0.0,100.0,22.719,16.667,1.36311273775,7.4,27.2727272727,6740.29773886,100.0,16.0,14.8,14.8,46.6666666667,67.1875769641,100.0,0.0,0.0,0.0,0.0,75.9596606061,0.0,3021.59184173,"[[114.290669487848, 30.597010362414], [114.290350206164, 30.596950683594], [114.290158962674, 30.59691514757], [114.290145128039, 30.597014431424], [114.290185546875, 30.597051052518], [114.290197211372, 30.59708170573], [114.290190429688, 30.597137315539], [114.290085720487, 30.597669813369], [114.290063476563, 30.597738172744], [114.290038791233, 30.597781032987], [114.29, 30.597897135417], [114.289982910157, 30.597962239584], [114.289932725695, 30.598113606771], [114.289743381077, 30.598621148004], [114.289679090712, 30.59879530165], [114.289590657553, 30.59907904731], [114.289584147136, 30.599094780816], [114.289324815539, 30.599674750435], [114.289249131945, 30.599786783855], [114.289104275174, 30.600012207032], [114.289026150174, 30.600145128039], [114.289010687935, 30.60016655816], [114.288537326389, 30.600821668837], [114.288367784289, 30.601057128907], [114.288279622396, 30.601176486546], [114.288155110678, 30.601336534289], [114.288028700087, 30.601491699219], [114.287896592882, 30.60164577908], [114.287795952691, 30.6017578125], [114.287742241754, 30.601815049914], [114.287533365886, 30.602033420139], [114.286759168837, 30.602781304254], [114.286367458768, 30.603160536025], [114.286151529948, 30.603367784289], [114.285894639757, 30.603618706598], [114.285292154948, 30.604203559028], [114.28529405382, 30.604204915365], [114.284844021268, 30.60464436849], [114.284823947483, 30.604661458334], [114.284802517362, 30.604676649306], [114.284778374566, 30.604689670139], [114.284753146702, 30.604700792101], [114.284727105035, 30.604708930122], [114.284699707032, 30.604715169271], [114.284671766494, 30.604718153212], [114.284643554688, 30.604719238282], [114.284599066841, 30.604714898004], [114.284560818143, 30.604706488716], [114.284523383247, 30.604691297744], [114.284484863282, 30.60467827691], [114.28473171658, 30.604996202257], [114.284817979601, 30.604913194445], [114.285658094619, 30.604115125869], [114.285860731337, 30.603919542101], [114.2861328125, 30.603656684028], [114.286235080296, 30.603554416233], [114.286284450955, 30.603507215712], [114.286391330296, 30.60340467665], [114.286413574219, 30.603383246528], [114.286925184462, 30.602892523872], [114.287169867622, 30.602657606337], [114.287268337674, 30.602548285591], [114.287443847657, 30.60237358941], [114.287624511719, 30.602203504775], [114.287782660591, 30.602047254775], [114.287798936632, 30.60203125], [114.288066134983, 30.601743164063], [114.28811577691, 30.601678331164], [114.288206108941, 30.601570638021], [114.288225640191, 30.601547580296], [114.288226996528, 30.601545952691], [114.288372938369, 30.601371799046], [114.28861436632, 30.601056043837], [114.288731282553, 30.600893283421], [114.288744032119, 30.600875651042], [114.289048394098, 30.600453016494], [114.289077148438, 30.600413140191], [114.28923014323, 30.600204535591], [114.289233398438, 30.600200195313], [114.289271375869, 30.600143500435], [114.289418945313, 30.599919162327], [114.289510904948, 30.599764539931], [114.289522840712, 30.599740939671], [114.289549696181, 30.599689398872], [114.289666883681, 30.599464246962], [114.289717610678, 30.599357096355], [114.289778103299, 30.599229329428], [114.289822862414, 30.599114040799], [114.289884440105, 30.598941514757], [114.289909667969, 30.598878851997], [114.28994656033, 30.598788248698], [114.289957682292, 30.598761121962], [114.290017089844, 30.598613823785], [114.290022515191, 30.598600531685], [114.290087890625, 30.598429090712], [114.290127224393, 30.598313802084], [114.29017279731, 30.598170572917], [114.290303819445, 30.597800021702], [114.290408257379, 30.597542046441], [114.290445692275, 30.597450086806], [114.290466851129, 30.597397460938], [114.290476345487, 30.597377387153], [114.290499131945, 30.597328830296], [114.290536024306, 30.597251519098], [114.290570203994, 30.597186957466], [114.290572916667, 30.597181260851], [114.290591362848, 30.597146267362], [114.29064453125, 30.597054850261], [114.290669487848, 30.597010362414]]"
17,407368.0,0.0,0.0,21700.6444691,,1207,城镇村道路用地,0.26,664.903184,,1.#QNAN,0.0,0.0,0.0,0.0,5.4,0.0,2708.29607555,7123.00302496,704.156979643,100.0,100.0,0.0,60.584,0.0,0.0,0.0,0.0,0.0,100.0,22.719,16.667,1.36311273775,7.4,27.2727272727,6740.29773886,100.0,17.0,14.8,14.8,46.6666666667,67.1875769641,100.0,0.0,0.0,0.0,0.0,75.9596606061,0.0,3021.59184173,"[[114.286252441407, 30.603815375435], [114.286590711806, 30.60348795573], [114.287778862848, 30.602337510851], [114.287894422744, 30.602220323351], [114.288013509115, 30.6020960829], [114.288100043403, 30.602003038195], [114.288206108941, 30.601884494358], [114.288222927518, 30.601868760851], [114.2882421875, 30.601854926216], [114.288499891494, 30.60153374566], [114.288529459636, 30.601497124566], [114.288566623264, 30.601444227431], [114.28865234375, 30.601330023872], [114.288722601997, 30.601239420573], [114.288769259983, 30.601181911893], [114.289230414497, 30.600539550782], [114.289512261285, 30.600145399306], [114.289865993924, 30.599523654514], [114.289988335504, 30.599251030816], [114.290119086372, 30.598904351129], [114.29030327691, 30.598415798612], [114.290736762153, 30.597253960504], [114.290835232205, 30.597092827691], [114.290669487848, 30.597010362414], [114.29064453125, 30.597054850261], [114.290591362848, 30.597146267362], [114.290572916667, 30.597181260851], [114.290570203994, 30.597186957466], [114.290536024306, 30.597251519098], [114.290499131945, 30.597328830296], [114.290476345487, 30.597377387153], [114.290466851129, 30.597397460938], [114.290445692275, 30.597450086806], [114.290408257379, 30.597542046441], [114.290303819445, 30.597800021702], [114.29017279731, 30.598170572917], [114.290127224393, 30.598313802084], [114.290087890625, 30.598429090712], [114.290022515191, 30.598600531685], [114.290017089844, 30.598613823785], [114.289957682292, 30.598761121962], [114.28994656033, 30.598788248698], [114.289909667969, 30.598878851997], [114.289884440105, 30.598941514757], [114.289822862414, 30.599114040799], [114.289778103299, 30.599229329428], [114.289717610678, 30.599357096355], [114.289666883681, 30.599464246962], [114.289549696181, 30.599689398872], [114.289522840712, 30.599740939671], [114.289510904948, 30.599764539931], [114.289418945313, 30.599919162327], [114.289271375869, 30.600143500435], [114.289233398438, 30.600200195313], [114.28923014323, 30.600204535591], [114.289077148438, 30.600413140191], [114.289048394098, 30.600453016494], [114.288744032119, 30.600875651042], [114.288731282553, 30.600893283421], [114.28861436632, 30.601056043837], [114.288372938369, 30.601371799046], [114.288226996528, 30.601545952691], [114.288225640191, 30.601547580296], [114.288206108941, 30.601570638021], [114.28811577691, 30.601678331164], [114.288066134983, 30.601743164063], [114.287798936632, 30.60203125], [114.287782660591, 30.602047254775], [114.287624511719, 30.602203504775], [114.287443847657, 30.60237358941], [114.287268337674, 30.602548285591], [114.287169867622, 30.602657606337], [114.286925184462, 30.602892523872], [114.286413574219, 30.603383246528], [114.286391330296, 30.60340467665], [114.286284450955, 30.603507215712], [114.286235080296, 30.603554416233], [114.2861328125, 30.603656684028], [114.285860731337, 30.603919542101], [114.285658094619, 30.604115125869], [114.284817979601, 30.604913194445], [114.28473171658, 30.604996202257], [114.285008680556, 30.605352918837], [114.284960394966, 30.605114746094], [114.285017361112, 30.604970431858], [114.285374620226, 30.604664713542], [114.285549316407, 30.60448811849], [114.28555718316, 30.604493001303], [114.286252441407, 30.603815375435]]"
18,410280.0,2.46546411067,1925.0,23429.3871767,,070102,二类城镇住宅用地,0.26,1237.461225,1.35,"JA, JB, JH, JS",1.0,1.0,1.0,0.0,5.4,0.0,2708.29607555,7123.00302496,704.156979643,100.0,100.0,0.0,60.584,0.0821617733952,43.7147171073,71481097.7974,39.1585499639,0.0,100.0,22.719,51.1978041906,0.443749499791,5.4,9.09090909091,6740.29773886,100.0,18.0,8.8,8.8,6.66666666667,67.1875769641,100.0,2.75275,39.1498881432,61187.3836321,39.158549964,65.5050424242,39.153136326,1.67304713162,"[[114.28815592448, 30.600707465278], [114.288189290365, 30.600661892362], [114.288259277344, 30.600693088108], [114.288680826823, 30.600145941841], [114.288587239584, 30.600146213108], [114.288601616754, 30.600071343316], [114.28843858507, 30.600044759115], [114.288449978299, 30.599990234375], [114.288302408855, 30.599970703125], [114.288236762153, 30.600057779948], [114.288199869792, 30.600146484375], [114.28804280599, 30.600146484375], [114.287954644098, 30.600271267362], [114.28769124349, 30.60014702691], [114.287587076823, 30.600111219619], [114.287684733073, 30.599928656685], [114.287785373264, 30.599973687066], [114.287829318577, 30.599902886285], [114.287601453994, 30.599798990886], [114.287645128039, 30.599721950955], [114.287463378907, 30.599632432726], [114.287358940973, 30.599808756511], [114.287322862414, 30.599891493056], [114.287299804688, 30.59986029731], [114.287141113282, 30.599788953994], [114.287114257813, 30.599787597657], [114.287044542101, 30.599767523872], [114.287092556424, 30.599454752605], [114.286543511285, 30.599432508681], [114.286555718316, 30.59966796875], [114.286548394098, 30.600001627605], [114.286551920573, 30.60014811198], [114.286548936632, 30.600655653212], [114.286884765625, 30.600674913195], [114.287061631945, 30.600291612414], [114.28741889106, 30.60043999566], [114.28712076823, 30.600848253039], [114.287523871528, 30.601052246094], [114.287174479167, 30.60159233941], [114.287631022136, 30.601825629341], [114.287642144098, 30.601829427084], [114.287660319011, 30.60183295356], [114.287683919271, 30.601833496094], [114.287702636719, 30.601830783421], [114.287714572483, 30.601827256945], [114.287742241754, 30.601815049914], [114.287795952691, 30.6017578125], [114.287896592882, 30.60164577908], [114.288028700087, 30.601491699219], [114.287776150174, 30.601254340278], [114.28796061198, 30.600948621962], [114.288054199219, 30.60086046007], [114.288095703125, 30.600795355903], [114.28813015408, 30.600752224393], [114.28815592448, 30.600707465278]]"
19,410437.0,4.03408611437,1502.0,11167.3200582,,090101,零售商业用地,0.26,1240.06896,1.35,"JA, JB, JH, JS",1.0,0.0,1.0,0.0,7.4,16.6666666667,2708.29607555,7123.00302496,704.156979643,100.0,100.0,0.0,60.584,0.134499592756,71.561401433,55865020.8123,30.6037998313,0.0,100.0,33.1356666667,59.2361744108,0.559382286184,5.4,9.09090909091,6740.29773886,100.0,19.0,12.8,12.8,33.3333333333,67.1875769641,100.0,0.0,0.0,47719.5563093,30.5394432492,69.9495757576,11.4522912185,6.10791102174,"[[114.289010687935, 30.60016655816], [114.288477105035, 30.59991373698], [114.287943250869, 30.599660644532], [114.287556694879, 30.599477267796], [114.287549099393, 30.59948920356], [114.287092556424, 30.599454752605], [114.287044542101, 30.599767523872], [114.287114257813, 30.599787597657], [114.287141113282, 30.599788953994], [114.287299804688, 30.59986029731], [114.287322862414, 30.599891493056], [114.287358940973, 30.599808756511], [114.287463378907, 30.599632432726], [114.287645128039, 30.599721950955], [114.287601453994, 30.599798990886], [114.287829318577, 30.599902886285], [114.287785373264, 30.599973687066], [114.287684733073, 30.599928656685], [114.287587076823, 30.600111219619], [114.28769124349, 30.60014702691], [114.287954644098, 30.600271267362], [114.28804280599, 30.600146484375], [114.288199869792, 30.600146484375], [114.288236762153, 30.600057779948], [114.288302408855, 30.599970703125], [114.288449978299, 30.599990234375], [114.28843858507, 30.600044759115], [114.288601616754, 30.600071343316], [114.288587239584, 30.600146213108], [114.288680826823, 30.600145941841], [114.288259277344, 30.600693088108], [114.288189290365, 30.600661892362], [114.28815592448, 30.600707465278], [114.28813015408, 30.600752224393], [114.288095703125, 30.600795355903], [114.288054199219, 30.60086046007], [114.28796061198, 30.600948621962], [114.287776150174, 30.601254340278], [114.288028700087, 30.601491699219], [114.288155110678, 30.601336534289], [114.288279622396, 30.601176486546], [114.288367784289, 30.601057128907], [114.288537326389, 30.600821668837], [114.289010687935, 30.60016655816]]"
20,410438.0,0.817837076361,180.0,6614.62097896,,0904,其他商业服务业用地,0.26,1116.062064,8.0,"JA, JB, JH, JS",1.0,0.0,1.0,0.0,7.4,16.6666666667,2708.29607555,7123.00302496,704.156979643,100.0,100.0,0.0,60.584,0.0272124435508,14.4785612879,6037541.17398,3.30746679899,0.0,100.0,33.1356666667,24.077904323,1.3761856606,5.4,9.09090909091,6740.29773886,100.0,20.0,8.8,8.8,6.66666666667,67.1875769641,100.0,0.0,0.0,966.980708027,0.618845914334,65.5050424242,0.232067217875,282.267538793,"[[114.287354329428, 30.599010416667], [114.287551269532, 30.599073079428], [114.287573242188, 30.599022894966], [114.287709960938, 30.599066297744], [114.287772623698, 30.598945855035], [114.287794325087, 30.598885904948], [114.287110731337, 30.598736979167], [114.287056749132, 30.597766113282], [114.287058648004, 30.597744411893], [114.286963975695, 30.597732476129], [114.286848144532, 30.597803005643], [114.286660970053, 30.597819010417], [114.286623263889, 30.597814398872], [114.286627604167, 30.597998860678], [114.286685112848, 30.597997775608], [114.286695963542, 30.598569878473], [114.286507975261, 30.598572319879], [114.286515570747, 30.598888888889], [114.286536187066, 30.598889431424], [114.28721842448, 30.598875868056], [114.287351074219, 30.598924153646], [114.287354329428, 30.599010416667]]"
21,410439.0,0.0,0.0,13380.6160726,,120803,社会停车场用地,0.26,930.92494,2.3,"JA, JB, JH, JS",0.0,0.0,1.0,0.0,7.4,16.6666666667,2708.29607555,7123.00302496,704.156979643,100.0,100.0,0.0,60.584,0.0,0.0,0.0,0.0,0.0,100.0,33.1356666667,16.667,1.988100238,5.4,9.09090909091,6740.29773886,100.0,21.0,8.8,8.8,6.66666666667,67.1875769641,100.0,0.0,0.0,0.0,0.0,65.5050424242,0.0,3021.59184173,"[[114.287092556424, 30.599454752605], [114.287549099393, 30.59948920356], [114.287556694879, 30.599477267796], [114.287943250869, 30.599660644532], [114.288477105035, 30.59991373698], [114.289010687935, 30.60016655816], [114.289026150174, 30.600145128039], [114.289104275174, 30.600012207032], [114.289249131945, 30.599786783855], [114.289209798178, 30.599768608941], [114.289038628473, 30.599680989584], [114.28863796658, 30.599572753907], [114.288586968316, 30.599553493924], [114.288566623264, 30.59954779731], [114.288566623264, 30.599545627171], [114.288349066841, 30.599462348091], [114.288100585938, 30.599377170139], [114.288155653212, 30.599265407987], [114.287956271702, 30.599184299046], [114.287956271702, 30.59916531033], [114.287709960938, 30.599066297744], [114.287573242188, 30.599022894966], [114.287551269532, 30.599073079428], [114.287354329428, 30.599010416667], [114.287351074219, 30.598924153646], [114.28721842448, 30.598875868056], [114.286536187066, 30.598889431424], [114.286515570747, 30.598888888889], [114.286543511285, 30.599432508681], [114.287092556424, 30.599454752605]]"
